{"cameraMode":{"drawMode":0,"name":"Shaded","section":"Shading Mode"},"sceneLighting":false,"audioPlay":false,"sceneViewState":{"m_AlwaysRefresh":false,"showFog":true,"showSkybox":false,"showFlares":true,"showImageEffects":true,"showParticleSystems":true,"showVisualEffectGraphs":true,"m_FxEnabled":true},"in2DMode":false,"pivot":{"x":-0.008564114570617676,"y":0.17845125496387483,"z":-1.394424319267273},"rotation":{"x":0.011418174020946026,"y":0.9848306179046631,"z":-0.15802359580993653,"w":0.07136711478233338},"size":0.25788429379463198,"orthographic":true}